id,level,prompt,optionA,optionB,optionC,optionD,correctAnswer,hint,sourceReading,pageNumber
R1,REMEMBERING,"Which Artificial Intelligence pioneer defined AI as ""the science of making machines do things that would require intelligence if done by men""?",Marvin Minsky,Allen Newell,Alfred Binet,Kevin Warwick,Marvin Minsky,,CMSC170_Team 1_Jumagdao_Activity1.docx,
R2,REMEMBERING,"According to the New English Dictionary of 1932, which of the following attributes were primarily emphasized when defining intelligence?",The ability to reason and profit from experience,The facilitation of thoughts and emotional management,Common sense and spiritual awareness,Acquired knowledge and mental speed,Acquired knowledge and mental speed,,CMSC170_Team 1_Jumagdao_Activity1.docx,
R3,REMEMBERING,Which of these are the proposed components of human intelligence?,The ability to learn,The ability to pose problems,The ability to solve problems,All of the above,All of the above,,CMSC170_Team 1_Jumagdao_Activity1.docx,
R4,REMEMBERING,Who developed the first Intelligence Quotient (IQ) test in the early 1900s?,Howard Gardner and David Perkins,Marvin Minsky and Allen Newell,Alfred Benet and Theodore Simon,It is only used to measure exam performance.,Alfred Benet and Theodore Simon,,CMSC170_Team 1_Jumagdao_Activity1.docx,
R5,REMEMBERING,"Which of the following correctly lists the four necessary components required to define a formal, well-defined problem in artificial intelligence?","Working memory, production rules, conflict resolution, and inference engine","Initial state, set of valid operators/actions, goal state test, and path constraints","Input layer, hidden state, loss function, and backpropagation rule","Fact base, logic predicates, heuristic function, and truth table","Initial state, set of valid operators/actions, goal state test, and path constraints",,CMSC170_Team1_Jumagdao_Activity3.docx,
R6,REMEMBERING,Which of these is are part of the formal definition of problem-solving?,"Posing, clarifying, and answering questions","Posing, clarifying, and accomplishing tasks","Posing, clarifying, and making decisions",All of the above,All of the above,,CMSC170_Team1_Jumagdao_Activity3.docx,
R7,REMEMBERING,This is the process of designing and carrying out a set of steps to reach a goal.,Problem solving,Creating an algorithm,Following instructions,Thinking,Problem solving,,CMSC170_Team1_Jumagdao_Activity3.docx,
R8,REMEMBERING,"According to Polya's five-step sequence for problem solving, what is the immediate next step after you ""Develop an algorithm (plan)""?",Test the algorithm,Implement the algorithm,Revise the algorithm,Understand the problem,Implement the algorithm,,CMSC170_Team1_Jumagdao_Activity3.docx,
U1,UNDERSTANDING,"Which of the following best explains why Alan Turing proposed the ""imitation game"" (Turing Test) as a practical measure of machine intelligence?",To verify whether a computer can execute complex arithmetic functions with zero percentage error compared to humans.,To assess whether a machine's conversational behavior is indistinguishable from that of a human to an external interrogator.,To demonstrate that electronic storage devices operate with identical electrochemical principles as the human brain.,To evaluate how fast a computer can compile symbolic LISP and PROLOG code in real-time environments.,To assess whether a machine's conversational behavior is indistinguishable from that of a human to an external interrogator.,,CMSC170_Team1_Jumagdao_Activity2.docx,
U2,UNDERSTANDING,Why is IQ criticized for not being able to fully measure one's intelligence?,Intelligence is subjective and cannot be reasonably measured with just one number.,IQ tests are only used on children.,It is outdated because it was made in 1904.,It is only used to measure exam performance.,Intelligence is subjective and cannot be reasonably measured with just one number.,,CMSC170_Team 1_Jumagdao_Activity1.docx,
U3,UNDERSTANDING,What is the distinction between posing problems and solving problems?,"Posing problems involves recognizing and clearly defining a problem situation, while solving problems involves carrying out steps to reach a desired goal.","Posing problems requires genetic intelligence, while solving problems relies entirely on experiential history","Posing problems focuses on managing personal emotions, while solving problems focuses solely on logical inference","Posing problems involves storing machine knowledge, while solving problems involves gathering external data.","Posing problems involves recognizing and clearly defining a problem situation, while solving problems involves carrying out steps to reach a desired goal.",,CMSC170_Team 1_Jumagdao_Activity1.docx,
U4,UNDERSTANDING,"In a 1998 interview, AI pioneer Marvin Minsky highlighted a significant limitation of modern computers. Despite having vast amounts of information, what did he identify as their primary weakness?",They possess a limited memory size compared to the human brain.,"They completely lack ""common-sense"" knowledge regarding daily life.",They are unable to perform complex mathematical computations quickly.,They are restricted to using fuzzy logic rather than binary logic.,"They completely lack ""common-sense"" knowledge regarding daily life.",,CMSC170_Team 1_Jumagdao_Activity1.docx,
U5,UNDERSTANDING,"Based on the concepts of problem solving, why might the exact same situation be considered a ""problem"" for one person but just a ""routine exercise"" for another?","Because a formal problem always requires physical tools, while a routine exercise only requires mental tools.",Because a situation is only a problem if it is not immediately obvious to that specific individual how to reach the desired goal.,Because a routine exercise lacks a clearly defined initial situation or goal state.,Because routine exercises do not involve personal ownership or commitment to the goal.,Because a situation is only a problem if it is not immediately obvious to that specific individual how to reach the desired goal.,,CMSC170_Team1_Jumagdao_Activity3.docx,
U6,UNDERSTANDING,How does state space representation primarily differ from problem reduction?,"State space searches through different positions at a given time, while problem reduction breaks tasks into smaller sub-problems.","State space uses AND/OR graphs to combine solutions, while problem reduction moves step-by-step from an initial state.","State space handles complex recursive sub-tasks, while problem reduction tracks sequential positions at a given time.","State space prevents repeated errors automatically, while problem reduction requires infinite memory resources.","State space searches through different positions at a given time, while problem reduction breaks tasks into smaller sub-problems.",,CMSC170_Team1_Jumagdao_Activity3.docx,
U7,UNDERSTANDING,What can representing a problem with state spaces be problematic?,It makes use of heuristics.,It creates smaller problems that can easily be solved.,"It can suddenly grow massive, which can be difficult to represent, time consuming, and tends to make the same mistake.",It cannot become problematic even at longer problem representation.,"It can suddenly grow massive, which can be difficult to represent, time consuming, and tends to make the same mistake.",,CMSC170_Team1_Jumagdao_Activity3.docx,
U8,UNDERSTANDING,What is the primary advantage of storing declarative knowledge using logic rather than embedding it directly as procedural code in an AI system?,Declarative knowledge executes faster because it bypasses the need for an inference engine.,"Declarative knowledge separates knowledge from control, allowing facts to be updated without changing the underlying reasoning code.",Declarative knowledge guarantees that the system will never encounter rule conflicts or memory limits.,"Declarative knowledge embeds explicit execution order into every rule, preventing infinite loops.","Declarative knowledge separates knowledge from control, allowing facts to be updated without changing the underlying reasoning code.",,CMSC170_Team1_Jumagdao_Activity3.docx,
A1,APPLYING,"You have a thesis due at the end of the semester. Knowing there's no way you can just write the whole thing in one go, you decide to break the workload down. You start with a basic outline, then set a goal to write just two pages a day, tackling the paper piece by piece until it's finished. Based on the problem-solving techniques we discussed, which one are you actively using here?",Exhaustive enumeration,Contradiction,Divide and conquer,Backtracking,Divide and conquer,,CMSC170_Team1_Jumagdao_Activity3.docx,
A2,APPLYING,"A search problem has many possible states at each level. However, the computer has enough memory to keep only the two most promising states at each level according to a heuristic. Which search method is MOST appropriate?",Depth First Search,Breadth First Search,Hill Climbing,Beam Search,Beam Search,,CMSC170_Team1_Jumagdao_Activity6.docx,
A3,APPLYING,"A software developer creates an application that recognizes facial expressions, interprets mood in musical compositions, and identifies emotional shifts during human interactions. This application applies principles of which form of intelligence?",Logical-Mathematical Intelligence,Spatial Intelligence,Emotional Intelligence,Naturalistic Intelligence,Emotional Intelligence,,CMSC170_Team 1_Jumagdao_Activity1.docx,
A4,APPLYING,"A pathfinding robot must navigate a terrain where fitness increases monotonously toward a single global peak with no local optima. To run the navigation on a device with minimal memory, which algorithm should you implement?",Hill-climbing search,Breadth-first search,Unification search,Breadth-first search with open-list,Hill-climbing search,,CMSC170_Team1_Jumagdao_Activity5.docx,
A5,APPLYING,"A search problem has many possible states at each level. However, the computer has enough memory to keep only the two most promising states at each level according to a heuristic. Which search method is MOST appropriate?",Depth First Search,Breadth First Search,Hill Climbing,Beam Search,Beam Search,,CMSC170_Team1_Jumagdao_Activity5.docx,
A6,APPLYING,"Which of these problem-solving methods is the most optimal to use when researching for literature regarding an unfamiliar topic, yet the concept exists within a more familiar field?",Generate and Test,Using Prior Knowledge,Problem Reduction,Solving a Related Problem,Solving a Related Problem,,CMSC170_Team1_Jumagdao_Activity3.docx,
A7,APPLYING,"A path-finding robot must navigate a terrain where fitness increases monotonously toward a single global peak with no local optima. To run the navigation on a device with minimal memory, which algorithm should you implement?",Hill-climbing search,Breadth-first search,Unification search,Breadth-first search with open-list,Hill-climbing search,,CMSC170_Team1_Jumagdao_Activity6.docx,
A8,APPLYING,"Mark notices that his friend John is feeling sad based on the tone of his voice. According to the four branches of emotional mental ability, which branch is Mark demonstrating?",Emotional management,"Emotional identification, perception, and expression",Emotional facilitation of thought,Emotional understanding,"Emotional identification, perception, and expression",,CMSC170_Team 1_Jumagdao_Activity1.docx,
A9,APPLYING,"If you were to create an AI whose purpose is to help users know the most efficient workout for a specific body part based on their specific physical condition, what application area of AI are you primarily using?",Game playing,Expert systems,Natural language processing,Vision and speech recognition,Expert systems,,CMSC170_Team1_Jumagdao_Activity2.docx,
A10,APPLYING,"If you are building a program to locate a specific word in a large, sorted dictionary and you know the frequencies of the letters, which search algorithm should you apply?",Breadth-first search,Dictionary Search,Simulated annealing,Unification,Dictionary Search,,CMSC170_Team1_Jumagdao_Activity6.docx,
A11,APPLYING,An investigator is trying to determine the causes of a car accident by starting from the final crash scene and step-by-step reconstructing the sequence of events that led up to it. What is the problem solving technique being used?,Backtracking,Exhaustive enumeration,Deduction,Abduction,Backtracking,,CMSC170_Team1_Jumagdao_Activity3.docx,
A12,APPLYING,"A production system triggers two rules simultaneously:Rule A: ""IF temperature is hot, THEN turn on the fan.""Rule B: ""IF temperature is hot AND air is smoky, THEN sound the alarm.""If the system applies the specificity conflict resolution strategy, which rule fires and why?",Rule A fires because it contains fewer conditions and processes faster.,Rule B fires because its condition set is more specific and contains more matching constraints.,Rule A fires because general safety rules always take precedence over specialized rules.,Neither rule fires; triggering multiple matching rules forces an immediate system halt.,Rule B fires because its condition set is more specific and contains more matching constraints.,,CMSC170_Team1_Jumagdao_Activity3.docx,
A13,APPLYING,Which major AI application is most likely used for an AI-based drive-thru?,Robotics,Natural Language Processing,Expert Systems,Speech Recognition,Speech Recognition,,CMSC170_Team1_Jumagdao_Activity2.docx,
A14,APPLYING,"If you are building a program to locate a specific word in a large, sorted dictionary and you know the frequencies of the letters, which search algorithm should you apply?",Breadth-first search,Dictionary Search,Simulated annealing,Unification,Dictionary Search,,CMSC170_Team1_Jumagdao_Activity5.docx,
AN1,ANALYZING,"What is a common theme between human, animal, and artificial intelligence?",The skill to ace a multiple choice exam.,"The ability to leverage one's inherent senses & abilities, learned experiences, and situational context to accomplish tasks.",The ability to dance to communicate the distance of the nearest food source.,The ability to comprehend the meaning behind a child's facial expression.,"The ability to leverage one's inherent senses & abilities, learned experiences, and situational context to accomplish tasks.",,CMSC170_Team 1_Jumagdao_Activity1.docx,
AN2,ANALYZING,"During a 6-ply game search, a chess engine sacrifices a rook to push an inevitable queen loss to the 8th ply, ultimately losing both pieces. Analyzing this behavior, which defect caused this tactical error?",Horizon effect,Optimal move assumption,Plausible move filtering,Alpha-beta cutoff error,Horizon effect,,CMSC170_Team1_Jumagdao_Activity6.docx,
AN3,ANALYZING,Why is developing a computer housekeeper significantly more complex than designing a computer that can beat humans at chess?,"Housekeeping requires calculating complex differential equations, whereas chess relies purely on physical reflexes.","Housekeeping demands diverse common-sense knowledge to navigate a wide range of real-world situations, whereas chess operates within a tightly rule-bound space.","Chess engines require continuous network connections, while home robotics operate entirely without programming.","Chess involves evaluating emotional states, whereas housekeeping relies solely on memory retrieval.","Housekeeping demands diverse common-sense knowledge to navigate a wide range of real-world situations, whereas chess operates within a tightly rule-bound space.",,CMSC170_Team 1_Jumagdao_Activity1.docx,
AN4,ANALYZING,Which of the following best describes how LISP and Prolog process information?,"LISP uses continuous electrochemical storage, while Prolog uses discrete magnetic hardware.","LISP represents and manipulates information using lists, while Prolog uses predicate logic syntax to perform logical computations.","LISP is used for natural language generation, while Prolog is used for natural language understanding.","LISP is Single Instruction, Single Data; while Prolog is Multiple Instruction, Multiple Data.","LISP represents and manipulates information using lists, while Prolog uses predicate logic syntax to perform logical computations.",,CMSC170_Team1_Jumagdao_Activity2.docx,
AN5,ANALYZING,Analyze how Simulated Annealing mitigates the issue of getting stuck in local maxima during local optimization.,By partitioning the search space into discrete sub-grids and evaluating each sub-grid concurrently using parallel worker threads.,By storing all previously evaluated search states in a priority queue to allow unconstrained dynamic backtracking.,By allowing downhill or suboptimal moves with a probability that decreases over time as the temperature parameter cools.,By applying an admissible heuristic lower bound to prune search branches that deviate from the global gradient vector.,By allowing downhill or suboptimal moves with a probability that decreases over time as the temperature parameter cools.,,CMSC170_Team1_Jumagdao_Activity6.docx,
AN6,ANALYZING,Analyze how Simulated Annealing mitigates the issue of getting stuck in local maxima during local optimization.,By partitioning the search space into discrete sub-grids and evaluating each sub-grid concurrently using parallel worker threads.,By storing all previously evaluated search states in a priority queue to allow unconstrained dynamic backtracking.,By allowing downhill or suboptimal moves with a probability that decreases over time as the temperature parameter cools.,By applying an admissible heuristic lower bound to prune search branches that deviate from the global gradient vector.,By applying an admissible heuristic lower bound to prune search branches that deviate from the global gradient vector.,,CMSC170_Team1_Jumagdao_Activity5.docx,
AN7,ANALYZING,"During a 6-ply game search, a chess engine sacrifices a rook to push an inevitable queen loss to the 8th ply, ultimately losing both pieces. Analyzing this behavior, which defect caused this tactical error?",") It models play with minimax search trees, cuts wasted branches using pruning, and uses heuristics to score state utility at set depth limits.","It treats the opponent as part of a static environment, turning two-player games into basic single-agent pathfinding.","Uninformed search lacks domain-specific knowledge and explores blindly in a predetermined order, whereas informed search uses heuristic knowledge to estimate distance to a goal.","It searches every path to the actual end of the game, using pruning strictly to exploit expected opponent mistakes.",") It models play with minimax search trees, cuts wasted branches using pruning, and uses heuristics to score state utility at set depth limits.",,CMSC170_Team1_Jumagdao_Activity5.docx,
AN8,ANALYZING,"According to the reading on animal and human intelligence, why is relying on a pure count of brain cells or overall brain size an unreliable measure of intelligence?","Because intelligence is determined entirely by environmental factors and upbringing, rendering biology irrelevant.",Because measuring head circumference has proven to be the only scientifically accurate way to determine genius.,"Because neuron size and connectivity vary tremendously, and historical attempts to use these metrics were often biased to ""prove"" discriminatory conclusions.",Because machines are the only entities that use nearly 100% of their energy purely for information processing.,"Because neuron size and connectivity vary tremendously, and historical attempts to use these metrics were often biased to ""prove"" discriminatory conclusions.",,CMSC170_Team 1_Jumagdao_Activity1.docx,
AN9,ANALYZING,"When analyzing a game tree, what specific component acts as a pointer to guide the plausible move generator by assigning heuristic values to leaf nodes?",The static evaluation function generator,The branch and bound strategy,The horizon effect,The quiescence search,The static evaluation function generator,,CMSC170_Team1_Jumagdao_Activity7.docx,
E1,EVALUATING,"Critics of the Turing Test argue that passing the imitation game does not prove genuine machine thinking. Based on theoretical critiques presented in AI literature (such as John Searle's Chinese Room argument), which of the following is the most valid evaluation of the Turing Test's core limitation?","It focuses exclusively on external behavioral output, failing to demonstrate whether the system possesses internal subjective consciousness or true understanding of symbols.","It requires the interrogator to be a computer scientist, thereby biasing the judgment against non-technical conversational agents.",It places an unreasonable emphasis on hardware architecture rather than software heuristic search algorithms.,It assumes that machine intelligence must operate on continuous fuzzy logic rather than discrete binary logic.,"It focuses exclusively on external behavioral output, failing to demonstrate whether the system possesses internal subjective consciousness or true understanding of symbols.",,CMSC170_Team1_Jumagdao_Activity2.docx,
E2,EVALUATING,Which criticism is most valid when evaluating a minimax-based game-playing system for use against human players?,"It assumes the opponent will make the optimal move, which may not reflect actual human behavior.",It can only be used in single-player moves.,It can’t represent game states using a game tree.,It cannot use heuristic evaluation.,"It assumes the opponent will make the optimal move, which may not reflect actual human behavior.",,CMSC170_Team1_Jumagdao_Activity7.docx,
E3,EVALUATING,Why do critics argue the Turing Test is flawed as a test for true machine intelligence?,It only tests the machine's ability to copy human behaviour.,The test is too expensive to conduct.,The test is too easy for machines to pass.,The test is too easy for humans to fake.,It only tests the machine's ability to copy human behaviour.,,CMSC170_Team1_Jumagdao_Activity2.docx,
E4,EVALUATING,Which statement represents the most valid critique of the 1960's approach of trying to mimic human intelligence?,They believed biological accuracy always guaranteed faster processing.,"It was fundamentally flawed, similar to trying to make an airplane fly exactly like a bird.",It succeeded flawlessly because computers at the time had unlimited memory capacity.,It was heavily supported by John Searle's philosophical arguments.,"It was fundamentally flawed, similar to trying to make an airplane fly exactly like a bird.",,CMSC170_Team1_Jumagdao_Activity2.docx,
E5,EVALUATING,"When evaluating the design trade-offs between Beam Search and Breadth-First Search, why is Beam Search classified as an incomplete search method?","It prunes lower-scored candidates from the candidate set, potentially discarding the solution path.",It traverses search trees recursively into infinite depth without checking for cycles,It requires an unbounded open list that leads to system memory exhaustion.,It repeatedly re-evaluates previously visited parent nodes at every level.,"It prunes lower-scored candidates from the candidate set, potentially discarding the solution path.",,CMSC170_Team1_Jumagdao_Activity7.docx,
E6,EVALUATING,Why is game playing considered an efficient way to develop and test Artificial Intelligence?,Because game playing requires extensive real world physical simulations.,Because games provide a structured task where success or failure can be measured with the least effort.,Because games completely avoid the problem of combinatorial explosion.,Because game developers typically have unrestricted funding for AI research.,Because games provide a structured task where success or failure can be measured with the least effort.,,CMSC170_Team1_Jumagdao_Activity2.docx,
E7,EVALUATING,"When evaluating search algorithms for a potentially infinite tree, why is iteratively deepening depth-first search chosen over standard depth-first search?",Standard depth-first search evaluates all nodes on a single layer simultaneously.,Standard depth-first search might proceed down a single branch infinitely and completely miss the solution.,Iteratively deepening search prevents any nodes from being searched more than once.,Iteratively deepening searches use less memory than standard depth-first search.,Standard depth-first search might proceed down a single branch infinitely and completely miss the solution.,,CMSC170_Team1_Jumagdao_Activity6.docx,
E8,EVALUATING,"When evaluating search algorithms for a potentially infinite tree, why is iteratively deepening depth-first search chosen over standard depth-first search?",Standard depth-first search evaluates all nodes on a single layer simultaneously.,Standard depth-first search might proceed down a single branch infinitely and completely miss the solution.,Iteratively deepening search prevents any nodes from being searched more than once.,Iteratively deepening search uses less memory than standard depth-first search.,Standard depth-first search might proceed down a single branch infinitely and completely miss the solution.,,CMSC170_Team1_Jumagdao_Activity5.docx,
S1,SYNTHESIS,"If you are designing an optimized two-player game algorithm and need to cut the number of game states explored in half, what technique should you integrate to track the minimum and maximum assured scores?",Best-first search,Alpha-beta pruning,Plausible move generator,A* Algorithm,Alpha-beta pruning,,CMSC170_Team1_Jumagdao_Activity7.docx,
S2,SYNTHESIS,"Which statement best captures how Artificial Intelligence solves complex, adversarial decision-making problems in game-playing environments?",") It models play with minimax search trees, cuts wasted branches using pruning, and uses heuristics to score state utility at set depth limits.","It treats the opponent as part of a static environment, turning two-player games into basic single-agent pathfinding.","Uninformed search lacks domain-specific knowledge and explores blindly in a predetermined order, whereas informed search uses heuristic knowledge to estimate distance to a goal.","It searches every path to the actual end of the game, using pruning strictly to exploit expected opponent mistakes.",") It models play with minimax search trees, cuts wasted branches using pruning, and uses heuristics to score state utility at set depth limits.",,CMSC170_Team1_Jumagdao_Activity7.docx,
S3,SYNTHESIS,Based on the history of AI. Which best describes the current trajectory of AI advancements?,AI development is slowing down because there is no more interest in the field.,AI development is focused on imitating human intelligence.,AI development is moving away from simply imitating human intelligence.,AI development is stagnating because we are close to hitting the ceiling.,AI development is moving away from simply imitating human intelligence.,,CMSC170_Team1_Jumagdao_Activity2.docx,
S4,SYNTHESIS,"What is the best framework to propose to overcome the ""combinatorial explosion"" problem in game playing while addressing historical memory limitations back then?","Implementing an Expert System focused on a very specific domain of knowledge to avoid the massive data requirements of ""common sense"" reasoning.",Creating a general problem solver aimed at simulating all human problem-solving methods simultaneously.,Designing a biological AI brain grown from rat neurons.,Utilizing early perceptron models since they require no memory to generate complex problems.,"Implementing an Expert System focused on a very specific domain of knowledge to avoid the massive data requirements of ""common sense"" reasoning.",,CMSC170_Team1_Jumagdao_Activity2.docx,
S5,SYNTHESIS,"You are designing a self-improving AI agent from scratch. If you want the system to actively suggest actions that will lead it to brand new information experiences, which specific architectural component must you construct and integrate?",A problem generator,A LISP language compiler,A performance element,A heuristic search procedure,A problem generator,,CMSC170_Team1_Jumagdao_Activity2.docx,
S6,SYNTHESIS,"Imagine you are tasked with designing an autonomous emergency field-response system capable of diagnosing rare infectious diseases, communicating with paramedics in natural language, and physically deploying targeted medical supplies in hazardous environments. Which combination of AI subfields and components best synthesizes a solution to fulfill all these functional requirements?","An Expert System (knowledge-based diagnostic engine) combined with Natural Language Processing (for speech/text interaction) and Robotics (manipulator arm, sensors, and power control units).",A Single Instruction Single Data (SISD) architecture integrated with game-playing state-space search algorithms and chess board evaluation heuristics.,An ELIZA-style chatterbot coupled exclusively with binary logic storage devices and static image processing software.,A brute-force tree search algorithm supported solely by LISP list processing without external environmental sensors or physical manipulators.,"An Expert System (knowledge-based diagnostic engine) combined with Natural Language Processing (for speech/text interaction) and Robotics (manipulator arm, sensors, and power control units).",,CMSC170_Team1_Jumagdao_Activity2.docx,
S7,SYNTHESIS,"An AI repeatedly chooses moves that appear good within six moves, but lead to poor positions immediately afterward. Which redesign best addresses this problem?",Reduce the search space further,Remove the evaluation function,Assume the opponent will make random moves,Use quiescence searching and appropriate search extensions,Use quiescence searching and appropriate search extensions,,CMSC170_Team1_Jumagdao_Activity7.docx,
