"id","level","prompt","optionA","optionB","optionC","optionD","correctIndex","hint","sourceReading","pageNumber"
"ACT1-Q01","REMEMBERING","According to the New English Dictionary of 1932, which of the following attributes were primarily emphasized when defining intelligence?","The ability to reason and profit from experience","The facilitation of thoughts and emotional management","Common sense and spiritual awareness","Acquired knowledge and mental speed","3","Think about what early definitions emphasized.","Module 1 / A2_What is Intelligence.pdf","1"
"ACT1-Q02","UNDERSTANDING","In a 1998 interview, AI pioneer Marvin Minsky highlighted a significant limitation of modern computers. Despite having vast amounts of information, what did he identify as their primary weakness?","They possess a limited memory size compared to the human brain.","They completely lack ""common-sense"" knowledge regarding daily life.","They are unable to perform complex mathematical computations quickly.","They are restricted to using fuzzy logic rather than binary logic.","1","Information alone is not everyday understanding.","Module 1 / A1_Intelligence and Other Aids to Problem Solving.pdf","3"
"ACT1-Q03","ANALYZING","According to the reading on animal and human intelligence, why is relying on a pure count of brain cells or overall brain size an unreliable measure of intelligence?","Because intelligence is determined entirely by environmental factors and upbringing, rendering biology irrelevant.","Because measuring head circumference has proven to be the only scientifically accurate way to determine genius.","Because neuron size and connectivity vary tremendously, and historical attempts to use these metrics were often biased to ""prove"" discriminatory conclusions.","Because machines are the only entities that use nearly 100% of their energy purely for information processing.","2","Size and cell counts do not capture neural organization.","Module 1 / A2_What is Intelligence.pdf","pp. 3-4"
"ACT1-Q04","REMEMBERING","Which Artificial Intelligence pioneer defined AI as ""the science of making machines do things that would require intelligence if done by men""?","Marvin Minsky","Allen Newell","Alfred Binet","Kevin Warwick","0","Recall the pioneer associated with the definition of AI.","Module 1 / A1_Intelligence and Other Aids to Problem Solving.pdf","1"
"ACT1-Q05","ANALYZING","Why is developing a computer housekeeper significantly more complex than designing a computer that can beat humans at chess?","Housekeeping requires calculating complex differential equations, whereas chess relies purely on physical reflexes.","Housekeeping demands diverse common-sense knowledge to navigate a wide range of real-world situations, whereas chess operates within a tightly rule-bound space.","Chess engines require continuous network connections, while home robotics operate entirely without programming.","Chess involves evaluating emotional states, whereas housekeeping relies solely on memory retrieval.","1","Compare fixed rules with messy everyday environments.","Module 1 / A1_Intelligence and Other Aids to Problem Solving.pdf","4"
"ACT1-Q06","APPLYING","A software developer creates an application that recognizes facial expressions, interprets mood in musical compositions, and identifies emotional shifts during human interactions. This application applies principles of which form of intelligence?","Logical-Mathematical Intelligence","Spatial Intelligence","Emotional Intelligence","Naturalistic Intelligence","2","Focus on recognizing and interpreting emotions.","Module 1 / A1_Intelligence and Other Aids to Problem Solving.pdf","3"
"ACT1-Q07","REMEMBERING","Which of these are the proposed components of human intelligence?","The ability to learn","The ability to pose problems","The ability to solve problems","All of the above","3","Consider learning, asking, and solving.","Module 1 / A1_Intelligence and Other Aids to Problem Solving.pdf","2"
"ACT1-Q08","ANALYZING","What is a common theme between human, animal, and artificial intelligence?","The skill to ace a multiple choice exam.","The ability to leverage one's inherent senses & abilities, learned experiences, and situational context to accomplish tasks.","The ability to dance to communicate the distance of the nearest food source.","The ability to comprehend the meaning behind a child's facial expression.","1","Look for shared abilities, experience, and context.","Module 1 / A2_What is Intelligence.pdf","pp. 5, 15, 17"
"ACT1-Q09","UNDERSTANDING","Why is IQ criticized for not being able to fully measure one's intelligence?","Intelligence is subjective and cannot be reasonably measured with just one number.","IQ tests are only used on children.","It is outdated because it was made in 1904.","It is only used to measure exam performance.","0","One score cannot capture every kind of intelligence.","Module 1 / A2_What is Intelligence.pdf","pp. 9, 11"
"ACT1-Q10","REMEMBERING","Who developed the first Intelligence Quotient (IQ) test in the early 1900s?","Howard Gardner and David Perkins","Marvin Minsky and Allen Newell","Alfred Benet and Theodore Simon","It is only used to measure exam performance.","2","Think of the psychologists behind early mental-age testing.","Module 1 / A1_Intelligence and Other Aids to Problem Solving.pdf","2"
"ACT1-Q11","UNDERSTANDING","What is the distinction between posing problems and solving problems?","Posing problems involves recognizing and clearly defining a problem situation, while solving problems involves carrying out steps to reach a desired goal.","Posing problems requires genetic intelligence, while solving problems relies entirely on experiential history","Posing problems focuses on managing personal emotions, while solving problems focuses solely on logical inference","Posing problems involves storing machine knowledge, while solving problems involves gathering external data.","0","One identifies the problem; the other reaches the goal.","Module 1 / A1_Intelligence and Other Aids to Problem Solving.pdf","pp. 2, 4"
"ACT1-Q12","APPLYING","Mark notices that his friend John is feeling sad based on the tone of his voice. According to the four branches of emotional mental ability, which branch is Mark demonstrating?","Emotional management","Emotional identification, perception, and expression","Emotional facilitation of thought","Emotional understanding","1","This branch detects emotion from voice and expression.","Module 1 / A1_Intelligence and Other Aids to Problem Solving.pdf","3"
"ACT2-Q01","EVALUATING","Why is game playing considered an efficient way to develop and test Artificial Intelligence?","Because game playing requires extensive real world physical simulations.","Because games provide a structured task where success or failure can be measured with the least effort.","Because games completely avoid the problem of combinatorial explosion.","Because game developers typically have unrestricted funding for AI research.","1","Games provide clear rules and measurable outcomes.","Module 1 / A3_Artificial_Intelligence (AI).pdf","8"
"ACT2-Q02","APPLYING","If you were to create an AI whose purpose is to help users know the most efficient workout for a specific body part based on their specific physical condition, what application area of AI are you primarily using?","Game playing","Expert systems","Natural language processing","Vision and speech recognition","1","Use a system built around specialized domain knowledge.","Module 1 / A3_Artificial_Intelligence (AI).pdf","9"
"ACT2-Q03","CREATING","You are designing a self-improving AI agent from scratch. If you want the system to actively suggest actions that will lead it to brand new information experiences, which specific architectural component must you construct and integrate?","A problem generator","A LISP language compiler","A performance element","A heuristic search procedure","0","This component seeks new experiences for the learner.","Module 1 / A3_Artificial_Intelligence (AI).pdf","10"
"ACT2-Q04","APPLYING","Which major AI application is most likely used for an AI-based drive-thru?","Robotics","Natural Language Processing","Expert Systems","Speech Recognition","3","The application must interpret spoken customer orders.","Module 1 / A3_Artificial_Intelligence (AI).pdf","9"
"ACT2-Q05","CREATING","What is the best framework to propose to overcome the ""combinatorial explosion"" problem in game playing while addressing historical memory limitations back then?","Implementing an Expert System focused on a very specific domain of knowledge to avoid the massive data requirements of ""common sense"" reasoning.","Creating a general problem solver aimed at simulating all human problem-solving methods simultaneously.","Designing a biological AI brain grown from rat neurons.","Utilizing early perceptron models since they require no memory to generate complex problems.","0","Narrow domain knowledge controls the search explosion.","Module 1 / A4_Introduction to Artificial Intelligence.pdf","pp. 5-6"
"ACT2-Q06","EVALUATING","Which statement represents the most valid critique of the 1960's approach of trying to mimic human intelligence?","They believed biological accuracy always guaranteed faster processing.","It was fundamentally flawed, similar to trying to make an airplane fly exactly like a bird.","It succeeded flawlessly because computers at the time had unlimited memory capacity.","It was heavily supported by John Searle's philosophical arguments.","1","Bird flight is not the blueprint for aircraft.","Module 1 / A4_Introduction to Artificial Intelligence.pdf","3"
"ACT2-Q07","ANALYZING","Which of the following best describes how LISP and Prolog process information?","LISP uses continuous electrochemical storage, while Prolog uses discrete magnetic hardware.","LISP represents and manipulates information using lists, while Prolog uses predicate logic syntax to perform logical computations.","LISP is used for natural language generation, while Prolog is used for natural language understanding.","LISP is Single Instruction, Single Data; while Prolog is Multiple Instruction, Multiple Data.","1","Compare list processing with predicate-based reasoning.","Module 1 / A3_Artificial_Intelligence (AI).pdf","10"
"ACT2-Q08","EVALUATING","Why do critics argue the Turing Test is flawed as a test for true machine intelligence?","It only tests the machine's ability to copy human behaviour.","The test is too expensive to conduct.","The test is too easy for machines to pass.","The test is too easy for humans to fake.","0","Behavioral imitation is not the same as understanding.","Module 1 / A3_Artificial_Intelligence (AI).pdf","3"
"ACT2-Q09","CREATING","Based on the history of AI. Which best describes the current trajectory of AI advancements?","AI development is slowing down because there is no more interest in the field.","AI development is focused on imitating human intelligence.","AI development is moving away from simply imitating human intelligence.","AI development is stagnating because we are close to hitting the ceiling.","2","AI is moving beyond copying people.","Module 1 / A4_Introduction to Artificial Intelligence.pdf","pp. 3-4"
"ACT2-Q10","UNDERSTANDING","Which of the following best explains why Alan Turing proposed the ""imitation game"" (Turing Test) as a practical measure of machine intelligence?","To verify whether a computer can execute complex arithmetic functions with zero percentage error compared to humans.","To assess whether a machine's conversational behavior is indistinguishable from that of a human to an external interrogator.","To demonstrate that electronic storage devices operate with identical electrochemical principles as the human brain.","To evaluate how fast a computer can compile symbolic LISP and PROLOG code in real-time environments.","1","Compare a machine conversation with a person’s.","Module 1 / A3_Artificial_Intelligence (AI).pdf","2"
"ACT2-Q11","EVALUATING","Critics of the Turing Test argue that passing the imitation game does not prove genuine machine thinking. Based on theoretical critiques presented in AI literature (such as John Searle's Chinese Room argument), which of the following is the most valid evaluation of the Turing Test's core limitation?","It focuses exclusively on external behavioral output, failing to demonstrate whether the system possesses internal subjective consciousness or true understanding of symbols.","It requires the interrogator to be a computer scientist, thereby biasing the judgment against non-technical conversational agents.","It places an unreasonable emphasis on hardware architecture rather than software heuristic search algorithms.","It assumes that machine intelligence must operate on continuous fuzzy logic rather than discrete binary logic.","0","Outward behavior does not prove inner understanding.","Module 1 / A4_Introduction to Artificial Intelligence.pdf","5"
"ACT2-Q12","CREATING","Imagine you are tasked with designing an autonomous emergency field-response system capable of diagnosing rare infectious diseases, communicating with paramedics in natural language, and physically deploying targeted medical supplies in hazardous environments. Which combination of AI subfields and components best synthesizes a solution to fulfill all these functional requirements?","An Expert System (knowledge-based diagnostic engine) combined with Natural Language Processing (for speech/text interaction) and Robotics (manipulator arm, sensors, and power control units).","A Single Instruction Single Data (SISD) architecture integrated with game-playing state-space search algorithms and chess board evaluation heuristics.","An ELIZA-style chatterbot coupled exclusively with binary logic storage devices and static image processing software.","A brute-force tree search algorithm supported solely by LISP list processing without external environmental sensors or physical manipulators.","0","Combine diagnosis, language interaction, and physical action.","Module 1 / A3_Artificial_Intelligence (AI).pdf","pp. 8-10"
"ACT3-Q01","REMEMBERING","Which of the following correctly lists the four necessary components required to define a formal, well-defined problem in artificial intelligence?","Working memory, production rules, conflict resolution, and inference engine","Initial state, set of valid operators/actions, goal state test, and path constraints","Input layer, hidden state, loss function, and backpropagation rule","Fact base, logic predicates, heuristic function, and truth table","1","List the start, legal actions, goal, and path limits.","Module 3 / A1_The Search Process.pdf","1"
"ACT3-Q02","UNDERSTANDING","What is the primary advantage of storing declarative knowledge using logic rather than embedding it directly as procedural code in an AI system?","Declarative knowledge executes faster because it bypasses the need for an inference engine.","Declarative knowledge separates knowledge from control, allowing facts to be updated without changing the underlying reasoning code.","Declarative knowledge guarantees that the system will never encounter rule conflicts or memory limits.","Declarative knowledge embeds explicit execution order into every rule, preventing infinite loops.","1","Separate facts from the code that reasons over them.","Module 2 / A3_Problem Representation.pdf","10"
"ACT3-Q03","APPLYING","A production system triggers two rules simultaneously: Rule A: ""IF temperature is hot, THEN turn on the fan."" Rule B: ""IF temperature is hot AND air is smoky, THEN sound the alarm."" If the system applies the specificity conflict resolution strategy, which rule fires and why?","Rule A fires because it contains fewer conditions and processes faster.","Rule B fires because its condition set is more specific and contains more matching constraints.","Rule A fires because general safety rules always take precedence over specialized rules.","Neither rule fires; triggering multiple matching rules forces an immediate system halt.","1","Choose the rule with the more detailed conditions.","Module 2 / A3_Problem Representation.pdf","11"
"ACT3-Q04","REMEMBERING","Which of these is are part of the formal definition of problem-solving?","Posing, clarifying, and answering questions","Posing, clarifying, and accomplishing tasks","Posing, clarifying, and making decisions","All of the above","3","Recall the formal elements of a problem definition.","Module 2 / A1_An Introduction to Problem Solving.pdf","1"
"ACT3-Q05","UNDERSTANDING","What can representing a problem with state spaces be problematic?","It makes use of heuristics.","It creates smaller problems that can easily be solved.","It can suddenly grow massive, which can be difficult to represent, time consuming, and tends to make the same mistake.","It cannot become problematic even at longer problem representation.","2","State spaces can grow explosively.","Module 2 / A3_Problem Representation.pdf","5"
"ACT3-Q06","APPLYING","Which of these problem-solving methods is the most optimal to use when researching for literature regarding an unfamiliar topic, yet the concept exists within a more familiar field?","Generate and Test","Using Prior Knowledge","Problem Reduction","Solving a Related Problem","3","Use a known solution pattern from a related domain.","Module 2 / A2_Problem_Solving.pdf","7"
"ACT3-Q07","REMEMBERING","According to Polya's five-step sequence for problem solving, what is the immediate next step after you ""Develop an algorithm (plan)""?","Test the algorithm","Implement the algorithm","Revise the algorithm","Understand the problem","1","After planning, carry out the steps.","Module 2 / A2_Problem_Solving.pdf","1"
"ACT3-Q08","UNDERSTANDING","Based on the concepts of problem solving, why might the exact same situation be considered a ""problem"" for one person but just a ""routine exercise"" for another?","Because a formal problem always requires physical tools, while a routine exercise only requires mental tools.","Because a situation is only a problem if it is not immediately obvious to that specific individual how to reach the desired goal.","Because a routine exercise lacks a clearly defined initial situation or goal state.","Because routine exercises do not involve personal ownership or commitment to the goal.","1","A problem depends on whether the path is obvious.","Module 2 / A1_An Introduction to Problem Solving.pdf","1"
"ACT3-Q09","APPLYING","You have a thesis due at the end of the semester. Knowing there's no way you can just write the whole thing in one go, you decide to break the workload down. You start with a basic outline, then set a goal to write just two pages a day, tackling the paper piece by piece until it's finished. Based on the problem-solving techniques we discussed, which one are you actively using here?","Exhaustive enumeration","Contradiction","Divide and conquer","Backtracking","2","Break a large task into manageable parts.","Module 2 / A2_Problem_Solving.pdf","6"
"ACT3-Q10","REMEMBERING","This is the process of designing and carrying out a set of steps to reach a goal.","Problem solving","Creating an algorithm","Following instructions","Thinking","0","It is the goal-directed sequence of actions.","Module 2 / A1_An Introduction to Problem Solving.pdf","1"
"ACT3-Q11","UNDERSTANDING","How does state space representation primarily differ from problem reduction?","State space searches through different positions at a given time, while problem reduction breaks tasks into smaller sub-problems.","State space uses AND/OR graphs to combine solutions, while problem reduction moves step-by-step from an initial state.","State space handles complex recursive sub-tasks, while problem reduction tracks sequential positions at a given time.","State space prevents repeated errors automatically, while problem reduction requires infinite memory resources.","0","One explores states; the other decomposes subproblems.","Module 2 / A3_Problem Representation.pdf","pp. 3-6"
"ACT3-Q12","APPLYING","An investigator is trying to determine the causes of a car accident by starting from the final crash scene and step-by-step reconstructing the sequence of events that led up to it. What is the problem solving technique being used?","Backtracking","Exhaustive enumeration","Deduction","Abduction","0","Reason backward from the observed outcome.","Module 2 / A2_Problem_Solving.pdf","9"
"ACT4-Q01","ANALYZING","Comparing semantic networks and frames, what advantage do frames add?","Frames remove the need for inheritance.","Frames bundle attribute details and procedures into a single structure.","Frames can only represent procedural knowledge.","Frames remove the need for knowledge.","1","Think of a frame as a richer bundle around a concept.","Module 2 / A5_Knowledge Representation.pdf","pp. 7, 10"
"ACT4-Q02","EVALUATING","When a knowledge base contains contradictions and the reading argues that logical reasoning becomes useless, what is the best response?","Ignore the contradictions and assume all information is correct.","Accept temporary inconsistency until each contradiction is resolved.","Treat every conclusion derived from the contradictions as valid.","Delete the entire knowledge base and start over.","1","Allow temporary inconsistency while resolving contradictions.","Module 2 / A4_Knowledge_Representation_and_Reasoning.pdf","11"
"ACT4-Q03","UNDERSTANDING","You are modeling “ordering food at a restaurant” using prompts, roles, and conditions. Which representation scheme are you building?","Frame","A semantic network","A script","Decision tree","2","Model stereotyped events with roles and conditions.","Module 2 / A5_Knowledge Representation.pdf","14"
"ACT4-Q04","EVALUATING","Your AI assistant needs to learn how to handle a common, stereotyped emergency like fixing a flat tire. Which knowledge representation is best designed to model this kind of situation?","Semantic Networks","Frames","Scripts","Conceptual Dependency","2","Use the representation for stereotyped event sequences.","Module 2 / A5_Knowledge Representation.pdf","pp. 14-15"
"ACT4-Q05","CREATING","What is the main goal of the Knowledge Engineering process?","Extracting domain-specific knowledge, formalizing it into a knowledge base, and refining its reasoning.","Converting SQL databases into C code.","Storing knowledge for future generations to use.","Replacing human experts in their own fields.","0","Turn expert know-how into a usable knowledge base.","Module 2 / A6_Expert Systems.pdf","pp. 2, 16-17"
"ACT4-Q06","ANALYZING","Which best differentiates a database from a knowledge base?","A database is mainly used to store data, while a knowledge base can process that data to expand its knowledge.","A database is related to SQL, while a knowledge base is related to high-level languages like Python.","A database uses declarative knowledge, while a knowledge base uses procedural knowledge.","A database is used to represent facts, while a knowledge base is used to infer logical assertions.","0","A knowledge base supports inference, not just storage.","Module 2 / A6_Expert Systems.pdf","pp. 7-8"
"ACT4-Q07","ANALYZING","Why is backward chaining better suited than forward chaining for a diagnostic system like MYCIN?","Because backward chaining is data-driven and works well with lots of incoming data.","Because backward chaining doesn't require an inference engine.","Because backward chaining works best when there is a limited, well-defined set of possible conclusions to test.","Because backward chaining is only used in non-production architectures.","2","Start from a desired diagnosis and test supporting facts.","Module 2 / A6_Expert Systems.pdf","6"
"ACT4-Q08","CREATING","To represent “The mechanic gave the wrench to the customer,” which combination of conceptual dependency primitive and case roles fits best?","PTRANS with only an Objective case.","MBUILD with a Directive case.","MTRANS with an Instrumental case.","ATRANS (transfer of possession) combined with Recipient and Donor roles.","3","The action changes possession; identify giver and receiver.","Module 2 / A5_Knowledge Representation.pdf","pp. 11-13"
"ACT4-Q09","EVALUATING","Dreyfus argues that knowledge-based reasoning is “wrongheaded” for replicating human intelligence, since experts react rather than deliberately reason. Which response best evaluates his argument?","It may hold for narrow, well-practiced skills, but it doesn't undercut the advantage knowledge-based systems have for open-ended tasks whose future uses can't be precompiled.","It's irrelevant, since knowledge-based systems only apply to chess programs.","It fully refutes the value of knowledge-based systems in every context, including open-ended tasks.","It proves connectionist approaches are always superior.","0","Distinguish practiced skills from open-ended tasks.","Module 2 / A4_Knowledge_Representation_and_Reasoning.pdf","8"
"ACT4-Q10","ANALYZING","Why can an AI system run into problems if it relies only on fixed, explicit rules when dealing with real-world situations?","Real-world situations often involve incomplete, uncertain, or changing information that fixed rules cannot always handle.","Explicit symbols take up too much screen space for users.","Expert systems cannot use inference once facts are explicitly represented.","Rule-based systems prevent knowledge from being separated from control.","0","Fixed rules struggle with uncertain, changing facts.","Module 2 / A4_Knowledge_Representation_and_Reasoning.pdf","8"
"ACT4-Q11","EVALUATING","An expert system gives highly accurate results, but the experts using it reject it because it cannot explain how it reached its conclusions. How should the system be evaluated?","It falls short because an expert system should be able to explain and justify its reasoning.","It passes because high accuracy is the only requirement for an expert system.","It passes because human experts do not need explanations either.","It fails because expert systems are not allowed to use domain knowledge.","0","An expert system needs an explanation facility.","Module 2 / A6_Expert Systems.pdf","pp. 2, 7"
"ACT4-Q12","CREATING","You are building an expert system for medical guidance. Which setup includes the key parts needed for the system to work well over time?","Domain Knowledge: Clinical facts from specialists; Reasoning: An inference engine with explanation capability; Maintenance: Regular updates and validation as medical knowledge changes.","Domain Knowledge: Raw billing files; Reasoning: A standard compiler; Maintenance: Deleting working memory daily.","Domain Knowledge: A terminology dictionary; Reasoning: Keyword search; Maintenance: Adding rules without testing.","Domain Knowledge: Hardware specifications; Reasoning: CPU thread scheduling; Maintenance: Restarting the system.","0","Include knowledge, inference, explanation, and maintenance.","Module 2 / A6_Expert Systems.pdf","pp. 4-7, 16-17"
"ACT5-Q01","REMEMBERING","If you’re deciding to use a Breadth-First Search (BFS) for a problem, what is the biggest trade-off you need to watch out?","It can get easily stuck on an infinite loop on the left side of the tree.","It uses computer memory very quickly because it saves each level of the tree.","It needs you to calculate a heuristic function before the search starts.","It cannot be used on binary trees without heavily modifying the branching factor.","1","BFS keeps entire frontier levels in memory.","Module 3 / A1_The Search Process.pdf","6"
"ACT5-Q02","EVALUATING","What makes an informed search different from a blind search?","It uses a rule of thumb to estimate which path leads to the goal faster.","It checks every single node on one level before moving deeper into the tree.","It works backward from the goa state to the initial state.","It relies entirely on the computer’s memory to map out every single outcome.","0","Look for a heuristic estimate of remaining distance.","Module 3 / A1_The Search Process.pdf","7"
"ACT5-Q03","REMEMBERING","It is defined as a sequence of steps that transforms that initial state to the goal state.","Problem Space","Searching","Problem Instance","Admissability","0","It describes the route from start to goal.","Module 3 / A1_The Search Process.pdf","1"
"ACT5-Q04","UNDERSTANDING","What is the difference between an Uninformed Search and an Informed Search","Uninformed search requires infinite memory, whereas informed search uses zero working memory.","Uninformed search uses data-driven inference rules, whereas informed search only moves backward from a goal.","Uninformed search lacks domain-specific knowledge and explores blindly in a predetermined order, whereas informed search uses heuristic knowledge to estimate distance to a goal.","Uninformed search guarantees an optimal path in all state spaces, whereas informed search never finds a valid path","2","One follows order; the other uses heuristics.","Module 3 / A1_The Search Process.pdf","pp. 2, 7"
"ACT5-Q05","REMEMBERING","Which of these is are part of the formal definition of problem-solving?","Posing, clarifying, and answering questions","Posing, clarifying, and accomplishing tasks","Posing, clarifying, and making decisions.","All of the above.","3","Recall the formal components of problem-solving.","Module 2 / A1_An Introduction to Problem Solving.pdf","1"
"ACT5-Q06","UNDERSTANDING","What can representing a problem with state spaces be problematic?","It makes use of heuristics.","It can suddenly grow massive, which can be difficult to represent, time consuming, and tends to make the same mistake.","It creates smaller problems that can easily be solved.","It cannot become problematic even at longer problem representation.","1","The representation may grow too large to manage.","Module 2 / A3_Problem Representation.pdf","5"
"ACT5-Q07","REMEMBERING","According to the search terminology list, what does ""admissibility"" refer to in a search algorithm?","The property of an algorithm to always find an optimal solution","The maximum number of nodes stored in memory","The average number of child nodes in a problem space graph","The length of the shortest path from initial to goal state","0","Admissibility concerns guaranteed optimal results.","Module 3 / A1_The Search Process.pdf","1"
"ACT5-Q08","UNDERSTANDING","What is the main disadvantage of forward search (data-driven inference) noted in the text?","Many rules may be applicable, so the process isn't directed toward a goal","It requires knowing the goal in advance","It cannot explore working memory","It only works with backward chaining rules","0","Forward chaining may activate many unrelated rules.","Module 3 / A1_The Search Process.pdf","2"
"ACT6-Q01","APPLYING","If you are building a program to locate a specific word in a large, sorted dictionary and you know the frequencies of the letters, which search algorithm should you apply?","Breadth-first search","Dictionary Search","Simulated annealing","Unification","1","Use letter frequencies to predict the word’s location.","Module 3 / A2_Search.pdf","pp. 24-25"
"ACT6-Q02","EVALUATING","When evaluating search algorithms for a potentially infinite tree, why is iteratively deepening depth-first search chosen over standard depth-first search?","Standard depth-first search evaluates all nodes on a single layer simultaneously.","Standard depth-first search might proceed down a single branch infinitely and completely miss the solution.","Iteratively deepening search prevents any nodes from being searched more than once.","Iteratively deepening search uses less memory than standard depth-first search.","1","DFS can get trapped down an infinite branch.","Module 3 / A2_Search.pdf","7"
"ACT6-Q03","APPLYING","A path-finding robot must navigate a terrain where fitness increases monotonously toward a single global peak with no local optima. To run the navigation on a device with minimal memory, which algorithm should you implement?","Hill-climbing search","Breadth-first search","Unification search","Breadth-first search with open-list","0","A single peak and little memory favor local ascent.","Module 3 / A2_Search.pdf","11"
"ACT6-Q04","ANALYZING","During a 6-ply game search, a chess engine sacrifices a rook to push an inevitable queen loss to the 8th ply, ultimately losing both pieces. Analyzing this behavior, which defect caused this tactical error?","Horizon effect","Optimal move assumption","Plausible move filtering","Alpha-beta cutoff error","0","The fixed search depth hides later consequences.","Module 3 / A3_Game Playing.pdf","9"
"ACT6-Q05","APPLYING","A search problem has many possible states at each level. However, the computer has enough memory to keep only the two most promising states at each level according to a heuristic. Which search method is MOST appropriate?","Depth First Search","Breadth First Search","Hill Climbing","Beam Search","3","Keep only a limited number of best candidates per level.","Module 3 / A2_Search.pdf","pp. 9-10"
"ACT6-Q06","ANALYZING","Analyze how Simulated Annealing mitigates the issue of getting stuck in local maxima during local optimization.","By partitioning the search space into discrete sub-grids and evaluating each sub-grid concurrently using parallel worker threads.","By storing all previously evaluated search states in a priority queue to allow unconstrained dynamic backtracking.","By allowing downhill or suboptimal moves with a probability that decreases over time as the temperature parameter cools.","By applying an admissible heuristic lower bound to prune search branches that deviate from the global gradient vector.","2","Cooling reduces the chance of accepting worse moves.","Module 3 / A2_Search.pdf","pp. 25-27"
"ACT6-Q07","APPLYING","You want to search a large ordered dictionary far more efficiently than a linear scan, using known letter-frequency statistics to estimate the correct page. Which specific algorithm from the text should you apply?","The dictionary search algorithm","The Viterbi algorithm","Simple binary search without any frequency data","Alpha-beta pruning","0","Estimate the location instead of scanning every entry.","Module 3 / A2_Search.pdf","pp. 24-25"
"ACT6-Q08","ANALYZING","Why does relying solely on fixed, explicit knowledge become a major challenge when an AI system is deployed in real-world scenarios?","Real-world problems often involve incomplete, uncertain, or changing knowledge that fixed rules cannot easily handle.","Explicit symbols take up too much physical screen space to display to users.","Expert systems are unable to use inference once facts are explicitly represented.","Rule-based forms prevent systems from separating knowledge from control.","0","Real-world knowledge is incomplete and changes over time.","Module 2 / A4_Knowledge_Representation_and_Reasoning.pdf","8"
"ACT7-Q01","ANALYZING","When analyzing a game tree, what specific component acts as a pointer to guide the plausible move generator by assigning heuristic values to leaf nodes?","The static evaluation function generator","The branch and bound strategy","The horizon effect","The quiescence search","0","Leaf-node values guide which moves look promising.","Module 3 / A3_Game Playing.pdf","3"
"ACT7-Q02","CREATING","If you are designing an optimized two-player game algorithm and need to cut the number of game states explored in half, what technique should you integrate to track the minimum and maximum assured scores?","Best-first search","Alpha-beta pruning","Plausible move generator","A* Algorithm","1","Track guaranteed bounds to prune branches.","Module 3 / A3_Game Playing.pdf","pp. 7-8"
"ACT7-Q03","EVALUATING","When evaluating the design trade-offs between Beam Search and Breadth-First Search, why is Beam Search classified as an incomplete search method?","It prunes lower-scored candidates from the candidate set, potentially discarding the solution path.","It traverses search trees recursively into infinite depth without checking for cycles","It requires an unbounded open list that leads to system memory exhaustion.","It repeatedly re-evaluates previously visited parent nodes at every level.","0","Discarding candidates can discard the solution.","Module 3 / A2_Search.pdf","9"
"ACT7-Q04","CREATING","Which statement best captures how Artificial Intelligence solves complex, adversarial decision-making problems in game-playing environments?","It models play with minimax search trees, cuts wasted branches using pruning, and uses heuristics to score state utility at set depth limits.","It treats the opponent as part of a static environment, turning two-player games into basic single-agent pathfinding.","Uninformed search lacks domain-specific knowledge and explores blindly in a predetermined order, whereas informed search uses heuristic knowledge to estimate distance to a goal.","It searches every path to the actual end of the game, using pruning strictly to exploit expected opponent mistakes.","0","Combine adversarial search, pruning, and evaluation.","Module 3 / A3_Game Playing.pdf","pp. 3-8"
"ACT7-Q05","EVALUATING","Which criticism is most valid when evaluating a minimax-based game-playing system for use against human players?","It assumes the opponent will make the optimal move, which may not reflect actual human behavior.","It can only be used in single-player moves.","It can’t represent game states using a game tree.","It cannot use heuristic evaluation.","0","Minimax assumes an opponent who always chooses optimally.","Module 3 / A3_Game Playing.pdf","9"
"ACT7-Q06","CREATING","An AI repeatedly chooses moves that appear good within six moves, but lead to poor positions immediately afterward. Which redesign best addresses this problem?","Reduce the search space further","Remove the evaluation function","Assume the opponent will make random moves","Use quiescence searching and appropriate search extensions","3","Extend analysis through unstable positions.","Module 3 / A3_Game Playing.pdf","9"
"ACT7-Q07","EVALUATING","A commercial chess engine wins consistently against amateur players but performs worse against unconventional human opponents than expected. What is the most probable reason?","The optimal move question, minimax-based programs assume the opponent always plays optimally, so they can be less effective against opponents whose","This is purely due to the horizon effect and has nothing to do with assumptions about the opponent","This indicates the evaluation function runs too fast","This is expected and unrelated to any known limitation, since chess engines have no known weaknesses","0","Consider minimax’s assumption about opponent behavior.","Module 3 / A3_Game Playing.pdf","9"
"ACT7-Q08","CREATING","Design an improved game-playing program that addresses the horizon effect described in the text. Which combination of techniques would appropriately fix it?","Combine a deeper alpha-beta search with a quiescence search that extends evaluation at ""non-quiet"" positions.","Reduce the search depth to one ply to avoid any horizon issues","Remove the static evaluation function entirely and rely only on the plausible move generator","Apply the minimax strategy without any depth limit, since infinite search removes the horizon effect immediately","0","Search deeper and continue through non-quiet positions.","Module 3 / A3_Game Playing.pdf","pp. 6-9"
